RAW,Filter Short,Filter Long
RAW,Filter Short,Filter Long
0.8,0.8,0.8
6.92,3.86,3.86
9.31,5.676666666666667,5.676666666666667
11.97,7.25,7.25
13.03,8.406,8.406
13.03,9.176666666666668,9.176666666666668
13.83,9.84142857142857,9.84142857142857
13.83,10.34,10.34
14.1,10.757777777777777,10.757777777777777
14.1,11.091999999999999,11.091999999999999
14.36,11.389090909090909,11.389090909090909
14.36,11.636666666666665,11.636666666666665
14.63,11.866923076923076,11.866923076923076
14.63,12.064285714285713,12.064285714285713
14.63,12.235333333333331,12.235333333333331
14.9,12.401874999999999,12.401874999999999
15.16,12.564117647058822,12.564117647058822
15.16,12.708333333333332,12.708333333333332
15.43,12.85157894736842,12.85157894736842
15.69,12.993500000000001,12.993500000000001
15.96,13.134761904761904,13.134761904761904
16.23,13.275454545454545,13.275454545454545
16.49,13.415217391304349,13.415217391304349
16.49,13.543333333333335,13.543333333333335
16.76,13.672,13.672
17.02,13.80076923076923,13.80076923076923
17.02,13.92,13.92
17.02,14.030714285714284,14.030714285714284
17.29,14.14310344827586,14.14310344827586
17.29,14.248,14.248
17.56,14.806666666666667,14.35483870967742
17.82,15.169999999999998,14.463125
17.82,15.453666666666665,14.564848484848484
18.09,15.657666666666666,14.668529411764705
18.09,15.82633333333333,14.766285714285713
18.09,15.994999999999997,14.85861111111111
18.09,16.136999999999993,14.945945945945946
18.35,16.287666666666663,15.035526315789474
18.62,16.43833333333333,15.127435897435898
18.62,16.589,15.21475
18.62,16.731,15.297804878048781
18.89,16.881999999999998,15.383333333333335
18.89,17.023999999999997,15.464883720930233
18.89,17.165999999999997,15.542727272727273
18.89,17.307999999999996,15.617111111111111
18.89,17.440999999999995,15.688260869565216
18.89,17.56533333333333,15.756382978723403
18.89,17.68966666666666,15.821666666666665
19.15,17.813666666666663,15.889591836734692
19.15,17.92899999999999,15.954799999999999
19.15,18.035333333333327,16.017450980392155
19.15,18.13266666666666,16.077692307692306
19.15,18.22133333333333,16.135660377358487
19.15,18.30999999999999,16.19148148148148
19.15,18.389666666666656,16.245272727272724
19.15,18.460666666666658,16.297142857142852
19.15,18.531666666666656,16.347192982456136
19.15,18.602666666666657,16.395517241379306
19.15,18.66466666666666,16.442203389830503
18.89,18.717999999999993,16.482999999999993
18.62,18.753333333333323,16.51803278688524
18.62,18.77999999999999,16.55193548387096
18.89,18.815666666666655,16.589047619047612
19.15,18.85099999999999,16.629062499999996
18.09,18.850999999999992,16.651538461538458
18.62,18.868666666666662,16.68136363636363
17.29,18.841999999999988,16.690447761194022
18.35,18.84199999999999,16.714852941176463
18.89,18.850999999999992,16.746376811594196
18.62,18.850999999999996,16.773142857142847
18.35,18.842,16.795352112676046
18.09,18.81533333333333,16.813333333333322
18.35,18.79733333333333,16.834383561643826
18.35,18.779333333333337,16.85486486486485
17.82,18.74366666666667,16.86773333333332
18.09,18.717000000000002,16.88381578947367
18.62,18.708000000000006,16.906363636363622
18.35,18.69,16.92487179487178
18.09,18.65466666666667,16.93962025316454
18.09,18.619333333333334,16.953999999999983
18.62,18.601666666666674,16.97456790123455
18.35,18.575000000000003,16.991341463414614
18.35,18.548333333333336,17.007710843373474
18.09,18.512999999999998,17.02059523809522
18.09,18.477666666666668,17.033176470588213
18.35,18.451000000000004,17.048488372093
18.62,18.433333333333334,17.066551724137906
18.89,18.424666666666667,17.087272727272705
18.35,18.398000000000003,17.10146067415728
18.35,18.38,17.11533333333331
18.89,18.389,17.134835164835142
18.62,18.389,17.150978260869543
18.89,18.389,17.169677419354816
18.89,18.380333333333333,17.187978723404235
18.62,18.398000000000003,17.203052631578924
18.09,18.380333333333336,17.212291666666644
18.35,18.415666666666667,17.22402061855668
18.35,18.415666666666667,17.23551020408161
18.62,18.406666666666663,17.249494949494924
18.35,18.39766666666667,17.260499999999976
18.09,18.389000000000003,17.268712871287104
18.35,18.39766666666667,17.27931372549017
18.09,18.389000000000006,17.28718446601939
18.35,18.389000000000003,17.29740384615382
18.09,18.398000000000007,17.304952380952354
18.62,18.415666666666667,17.317358490566008
18.35,18.40666666666667,17.327009345794362
18.89,18.424666666666667,17.341481481481452
18.35,18.433333333333334,17.3507339449541
18.09,18.433333333333337,17.357454545454516
18.35,18.424333333333333,17.366396396396365
18.89,18.442333333333337,17.37999999999997
18.35,18.442333333333334,17.38858407079643
18.89,18.469,17.401754385964885
18.35,18.477666666666664,17.40999999999997
18.62,18.486666666666668,17.42043103448273
18.09,18.469,17.426153846153817
18.35,18.451000000000004,17.433983050847427
18.89,18.469,17.446218487394926
18.35,18.469,17.453749999999967
18.35,18.451000000000004,17.461157024793355
18.09,18.433333333333337,17.466311475409807
18.09,18.406666666666673,17.471382113821107
18.62,18.39766666666667,17.480645161290294
17.82,18.371000000000002,17.483359999999973
18.62,18.38866666666667,17.492380952380923
18.09,18.380000000000003,17.4970866141732
18.35,18.380000000000003,17.50374999999997
18.62,18.380000000000003,17.512403100775163
18.62,18.389,17.520923076923047
18.89,18.415666666666667,17.531374045801495
18.35,18.415666666666663,17.537575757575727
18.09,18.41566666666667,17.541729323308243
18.62,18.424666666666667,17.549776119402956
18.35,18.433333333333337,17.555703703703674
18.35,18.424333333333333,17.561544117647028
18.62,18.433333333333334,17.56927007299267
18.89,18.433333333333334,17.578840579710114
18.62,18.442333333333334,17.586330935251766
18.62,18.46,17.593714285714253
18.62,18.469,17.600992907801384
18.09,18.442333333333337,17.604436619718278
18.62,18.451333333333334,17.61153846153843
18.35,18.433333333333337,17.61666666666663
18.89,18.45133333333333,17.625448275862034
19.15,18.468999999999998,17.635890410958872
18.89,18.49566666666667,17.64442176870745
18.09,18.487000000000005,17.6474324324324
18.35,18.469000000000005,17.65214765100668
18.35,18.469,17.656799999999965
18.62,18.478,17.77559999999997
18.62,18.49566666666667,17.853599999999968
18.62,18.513333333333332,17.91566666666663
18.62,18.513333333333332,17.959999999999965
18.35,18.531000000000002,17.99546666666663
19.15,18.54866666666667,18.03626666666663
18.89,18.575333333333333,18.069999999999965
18.62,18.584333333333337,18.101933333333296
18.35,18.575333333333337,18.13026666666663
19.42,18.601999999999997,18.165733333333296
18.89,18.601999999999997,18.195933333333294
18.35,18.602,18.222533333333292
17.82,18.593000000000007,18.24379999999996
18.62,18.593000000000007,18.27039999999996
18.35,18.593000000000007,18.29519999999996
18.89,18.611,18.321799999999957
18.62,18.611,18.344866666666626
18.62,18.602,18.36793333333329
18.35,18.593000000000004,18.387399999999957
18.62,18.593000000000004,18.406933333333292
18.89,18.602,18.426466666666627
18.62,18.619666666666667,18.44239999999996
18.62,18.61966666666667,18.45659999999996
18.09,18.611000000000004,18.467266666666625
18.89,18.611,18.481466666666627
18.09,18.57566666666667,18.48859999999996
18.62,18.56666666666667,18.499266666666628
18.89,18.593333333333337,18.511733333333297
18.35,18.59333333333333,18.518799999999963
18.35,18.59333333333333,18.52586666666663
18.35,18.584333333333333,18.531133333333294
18.09,18.566666666666666,18.532933333333297
18.62,18.566666666666666,18.53826666666663
17.82,18.540000000000003,18.53646666666663
18.62,18.549,18.539999999999964
19.42,18.557999999999996,18.548866666666633
18.89,18.557999999999996,18.554199999999966
18.62,18.558,18.555999999999965
18.35,18.558000000000003,18.554199999999966
17.82,18.504666666666665,18.548866666666633
17.82,18.469000000000005,18.5435333333333
18.09,18.460333333333338,18.53819999999997
18.89,18.496000000000002,18.53819999999997
18.09,18.47833333333334,18.53286666666664
18.35,18.47833333333334,18.529266666666636
18.35,18.460333333333335,18.525666666666638
19.15,18.477999999999998,18.527399999999975
17.82,18.45133333333333,18.520266666666643
18.89,18.469333333333335,18.51853333333331
19.42,18.496,18.520333333333312
18.35,18.477999999999998,18.51499999999998
18.62,18.477999999999998,18.511466666666646
18.62,18.477999999999998,18.50793333333331
18.62,18.49566666666667,18.504399999999976
18.62,18.486666666666668,18.50086666666664
18.35,18.495333333333335,18.49553333333331
18.62,18.495333333333335,18.491999999999972
18.35,18.477333333333334,18.48666666666664
18.35,18.477333333333334,18.481333333333307
18.62,18.486333333333334,18.479533333333304
18.62,18.49533333333334,18.479533333333308
18.62,18.513,18.479533333333308
18.35,18.504000000000005,18.475933333333305
18.89,18.53966666666667,18.47419999999997
18.62,18.53966666666667,18.477733333333305
19.15,18.530666666666672,18.481266666666638
19.15,18.539333333333335,18.49366666666664
18.09,18.52166666666667,18.49193333333331
18.62,18.53066666666667,18.490133333333308
18.89,18.566333333333333,18.49193333333331
19.15,18.610666666666663,18.497266666666643
18.35,18.619333333333334,18.498999999999977
18.62,18.610333333333337,18.500799999999973
18.62,18.628,18.502599999999976
18.62,18.637,18.507933333333305
18.62,18.645999999999997,18.511466666666642
18.35,18.61933333333333,18.509666666666643
18.89,18.654999999999998,18.51326666666664
18.89,18.654999999999998,18.51859999999997
18.62,18.628333333333334,18.522133333333304
18.62,18.637333333333334,18.522133333333304
18.89,18.646333333333327,18.525733333333303
18.89,18.65533333333333,18.5293333333333
18.62,18.65533333333333,18.532866666666635
18.35,18.646333333333335,18.534599999999966
18.89,18.664333333333335,18.538199999999968
18.89,18.673333333333336,18.539999999999967
18.35,18.673333333333336,18.53639999999997
18.89,18.691333333333333,18.539999999999967
18.35,18.682333333333336,18.539999999999967
18.89,18.691333333333333,18.539999999999964
18.35,18.682333333333336,18.538199999999964
18.89,18.700333333333337,18.538199999999964
18.62,18.691333333333333,18.536399999999965
19.15,18.709,18.5399333333333
18.09,18.67366666666667,18.5399333333333
18.89,18.665000000000003,18.543533333333297
18.62,18.682666666666666,18.5453333333333
18.89,18.691666666666666,18.5471333333333
18.89,18.691666666666663,18.550733333333298
19.42,18.700666666666663,18.559599999999964
18.62,18.709666666666667,18.56139999999996
18.62,18.709666666666667,18.564933333333297
19.15,18.72733333333333,18.57026666666663
18.35,18.71833333333333,18.57199999999996
18.89,18.72733333333333,18.573799999999963
18.62,18.73633333333333,18.575599999999962
18.62,18.727333333333334,18.573799999999963
18.35,18.709333333333333,18.573799999999963
19.15,18.726999999999997,18.580866666666626
19.42,18.753666666666664,18.587999999999962
19.15,18.762333333333334,18.589733333333296
18.89,18.762333333333334,18.593333333333298
18.35,18.753333333333334,18.589733333333296
19.15,18.779999999999998,18.595066666666632
18.89,18.779999999999998,18.59686666666663
18.89,18.779999999999998,18.602199999999964
17.82,18.762333333333334,18.598666666666634
18.35,18.744333333333334,18.595066666666636
18.89,18.762333333333334,18.598666666666634
18.89,18.76233333333333,18.602266666666633
19.68,18.806666666666665,18.612866666666637
18.89,18.806666666666665,18.618199999999966
19.15,18.824333333333332,18.621733333333303
18.62,18.806666666666665,18.627066666666636
19.95,18.86866666666667,18.635933333333305
19.15,18.877333333333333,18.642999999999976
19.15,18.894999999999996,18.64833333333331
19.15,18.903666666666663,18.651866666666646
18.62,18.894666666666662,18.651866666666646
18.62,18.868,18.650066666666643
18.89,18.876999999999995,18.653666666666645
18.89,18.885999999999992,18.658999999999978
19.15,18.886,18.662533333333315
18.62,18.894999999999996,18.664333333333314
18.62,18.885999999999992,18.66613333333331
18.62,18.885999999999992,18.666133333333313
18.89,18.894999999999992,18.66613333333331
18.62,18.903999999999993,18.666133333333313
19.15,18.903999999999996,18.669666666666647
18.35,18.86833333333333,18.667866666666647
18.89,18.859666666666666,18.67319999999998
18.89,18.859666666666662,18.67499999999998
18.89,18.877666666666663,18.678599999999978
18.62,18.86,18.676799999999975
19.15,18.868666666666666,18.67679999999998
19.15,18.87733333333333,18.678533333333313
18.89,18.912999999999997,18.68386666666665
18.89,18.930999999999997,18.687466666666644
19.42,18.948666666666664,18.69459999999998
19.68,18.97499999999999,18.701666666666647
19.15,18.957333333333327,18.70519999999998
19.42,18.97499999999999,18.710533333333316
19.15,18.974999999999998,18.714066666666653
18.89,18.983999999999995,18.717666666666652
18.62,18.939666666666664,18.71413333333332
19.15,18.939666666666664,18.715866666666656
19.42,18.94866666666666,18.72119999999999
19.15,18.94866666666666,18.726533333333325
19.42,18.975333333333325,18.726533333333325
19.68,19.01066666666666,18.73179999999999
18.62,19.00166666666666,18.733599999999992
18.89,19.00166666666666,18.740733333333324
18.62,18.983999999999995,18.740733333333324
18.35,18.974999999999998,18.740733333333324
18.89,18.983999999999998,18.74073333333332
18.62,18.983999999999998,18.74073333333332
18.89,18.983999999999998,18.742533333333323
18.35,18.975,18.742533333333323
18.35,18.948333333333334,18.740733333333324
18.62,18.957333333333338,18.738933333333325
19.68,18.983666666666668,18.745999999999988
18.62,18.974666666666668,18.745999999999988
19.15,18.983333333333334,18.75306666666666
18.89,18.99233333333333,18.75306666666666
19.15,18.99233333333333,18.76013333333333
19.15,18.99233333333333,18.76366666666666
18.89,18.99233333333333,18.76366666666666
18.89,18.99233333333333,18.767266666666657
18.62,18.965666666666667,18.76906666666666
19.42,18.956999999999997,18.776199999999992
19.68,18.97466666666666,18.786799999999992
18.62,18.947999999999997,18.786799999999992
19.42,18.956999999999997,18.79746666666666
19.15,18.965666666666664,18.800999999999995
19.15,18.98333333333333,18.799199999999995
19.68,19.000999999999994,18.80446666666666
19.95,19.018666666666665,18.81333333333333
18.89,19.009999999999998,18.816933333333328
18.89,18.992333333333328,18.82406666666666
19.42,18.98366666666666,18.83473333333333
18.89,18.99266666666666,18.84006666666666
19.42,19.01033333333333,18.843599999999995
19.42,19.036999999999995,18.85246666666666
19.15,19.063666666666663,18.857799999999997
18.89,19.063666666666663,18.861399999999993
19.15,19.08133333333333,18.861399999999993
19.95,19.116666666666667,18.875599999999995
19.15,19.14333333333333,18.87733333333333
18.89,19.16133333333333,18.873799999999996
19.68,19.196666666666662,18.882666666666662
18.89,19.17033333333333,18.88446666666666
19.42,19.196999999999996,18.889799999999997
18.89,19.18833333333333,18.891599999999997
18.89,19.18833333333333,18.8934
19.95,19.214999999999996,18.904066666666665
18.89,19.20633333333333,18.90586666666666
19.15,19.214999999999996,18.911199999999997
19.42,19.23266666666666,18.91833333333333
19.15,19.250333333333327,18.921866666666666
18.62,19.22366666666666,18.921866666666666
18.89,19.19733333333333,18.923666666666662
19.68,19.232666666666663,18.93253333333333
18.89,19.214999999999993,18.93253333333333
18.89,19.20633333333333,18.934333333333328
18.89,19.19766666666666,18.932599999999994
18.89,19.17133333333333,18.93086666666666
19.42,19.153666666666663,18.939733333333326
19.15,19.162333333333326,18.94326666666666
19.68,19.18866666666666,18.948533333333327
19.15,19.17966666666666,18.94853333333333
18.89,19.17966666666666,18.952133333333325
19.42,19.17966666666666,18.95746666666666
19.15,19.17066666666666,18.960999999999995
19.15,19.17066666666666,18.96453333333333
19.42,19.188333333333325,18.969866666666665
19.68,19.205999999999992,18.978733333333327
19.42,19.188333333333325,18.982266666666664
19.42,19.197333333333326,18.985799999999998
20.22,19.241666666666664,18.996466666666667
19.15,19.223999999999997,19.0
19.95,19.259333333333334,19.007066666666667
19.15,19.250333333333334,19.008800000000004
19.95,19.285666666666664,19.017666666666667
19.15,19.29433333333333,19.023000000000003
19.15,19.267666666666667,19.024733333333337
19.68,19.293999999999993,19.030000000000005
19.42,19.302999999999994,19.037133333333337
19.15,19.293999999999993,19.03886666666667
19.95,19.320666666666664,19.049533333333336
19.42,19.34733333333333,19.05306666666667
19.42,19.365,19.060200000000005
18.89,19.338666666666665,19.060200000000005
19.42,19.356333333333332,19.065533333333338
19.95,19.391666666666662,19.07086666666667
19.68,19.418,19.08146666666667
19.95,19.453333333333333,19.088533333333338
19.95,19.471,19.097400000000004
19.68,19.488666666666667,19.10266666666667
20.22,19.506666666666668,19.111533333333334
19.68,19.52433333333333,19.113266666666664
19.15,19.532999999999998,19.1168
19.15,19.523999999999997,19.120333333333335
19.68,19.541666666666664,19.123866666666665
19.68,19.559333333333328,19.13273333333333
19.42,19.55933333333333,19.136266666666668
19.68,19.559333333333328,19.143333333333334
19.95,19.576999999999995,19.1522
19.15,19.567999999999998,19.157533333333337
18.89,19.523666666666664,19.155800000000003
19.42,19.532666666666664,19.155800000000003
19.95,19.532666666666664,19.161133333333336
19.68,19.55033333333333,19.166400000000003
19.42,19.532666666666664,19.17353333333334
19.42,19.54166666666666,19.17533333333334
19.15,19.54166666666666,19.177066666666676
19.68,19.54166666666666,19.18233333333334
19.15,19.532666666666664,19.19120000000001
19.95,19.55933333333333,19.201866666666675
19.68,19.550333333333334,19.207133333333342
19.95,19.568,19.214200000000005
19.68,19.576666666666664,19.214200000000005
19.68,19.602999999999998,19.21946666666667
20.22,19.629666666666665,19.2266
19.68,19.62066666666666,19.233666666666668
20.22,19.638666666666666,19.235466666666667
20.22,19.64766666666667,19.2426
20.22,19.65666666666667,19.24973333333333
20.48,19.683333333333337,19.2586
20.75,19.701000000000004,19.2728
20.22,19.719,19.283466666666662
20.22,19.75466666666667,19.292333333333332
19.68,19.772333333333336,19.297599999999996
19.95,19.78133333333334,19.30293333333333
19.42,19.77266666666667,19.30826666666666
20.22,19.799333333333337,19.318933333333327
19.42,19.790666666666667,19.324266666666663
19.42,19.773000000000003,19.327799999999996
19.42,19.781999999999996,19.333133333333333
19.68,19.80833333333333,19.336666666666662
19.68,19.816999999999997,19.34553333333333
19.95,19.817,19.352599999999995
19.68,19.817,19.357866666666663
20.22,19.843666666666667,19.36673333333333
20.22,19.87033333333334,19.377399999999994
19.42,19.87933333333333,19.379199999999994
21.01,19.92366666666667,19.391599999999997
20.22,19.959333333333333,19.400466666666663
19.42,19.941666666666666,19.403999999999996
19.42,19.932999999999996,19.403999999999996
20.22,19.942000000000004,19.407599999999995
19.68,19.941999999999997,19.41113333333333
19.95,19.951,19.414666666666662
20.22,19.951000000000004,19.421799999999994
19.95,19.960000000000004,19.42886666666666
19.68,19.942000000000004,19.435933333333328
19.68,19.924,19.439466666666657
20.22,19.924000000000003,19.44479999999999
19.68,19.897333333333336,19.44833333333332
19.42,19.853,19.448333333333323
19.95,19.844,19.450133333333323
20.22,19.844,19.46079999999999
19.95,19.853,19.467866666666655
19.42,19.835333333333338,19.473199999999988
19.95,19.853000000000005,19.483866666666653
19.95,19.844,19.49093333333332
20.22,19.870666666666672,19.501599999999986
20.22,19.897333333333336,19.51046666666665
19.95,19.915000000000006,19.521133333333317
20.48,19.94166666666667,19.53533333333332
20.48,19.968333333333337,19.54773333333332
19.95,19.96833333333334,19.54953333333332
19.68,19.968333333333337,19.556599999999985
20.22,19.96833333333333,19.563733333333317
20.22,19.968333333333337,19.572599999999984
20.22,19.995,19.579733333333316
19.95,19.95966666666667,19.58506666666665
19.95,19.950666666666674,19.592133333333315
19.68,19.959333333333337,19.59739999999998
18.89,19.94166666666667,19.59919999999998
20.75,19.959333333333337,19.608066666666648
20.75,19.994999999999997,19.61519999999998
20.22,20.004,19.625866666666646
20.48,20.01266666666667,19.632933333333312
19.42,19.995,19.634733333333315
20.75,20.030666666666665,19.64539999999998
20.22,20.04866666666667,19.64899999999998
20.75,20.066333333333333,19.654333333333316
20.22,20.084333333333333,19.663199999999982
20.22,20.111000000000004,19.672066666666648
20.22,20.12,19.67739999999998
20.75,20.137666666666668,19.689799999999977
20.22,20.14666666666667,19.69513333333331
20.75,20.191000000000006,19.70399999999998
20.75,20.21766666666667,19.714666666666645
19.95,20.21766666666667,19.72173333333331
20.48,20.22633333333334,19.73059999999998
20.22,20.22633333333334,19.73239999999998
20.75,20.253000000000004,19.743066666666646
20.75,20.262000000000008,19.75546666666665
20.48,20.262000000000004,19.760799999999985
20.48,20.27966666666667,19.771399999999986
20.48,20.30633333333334,19.778466666666652
21.28,20.341666666666672,19.794399999999985
20.22,20.341666666666672,19.80326666666665
20.48,20.350333333333335,19.80679999999999
21.28,20.39466666666667,19.82273333333332
20.48,20.412333333333333,19.83159999999999
20.22,20.430333333333337,19.83693333333332
20.75,20.492333333333338,19.84759999999999
20.22,20.47466666666667,19.858266666666655
21.01,20.483333333333338,19.872399999999992
20.75,20.501,19.879533333333328
20.75,20.51,19.891933333333327
20.75,20.554333333333336,19.904333333333327
20.48,20.54533333333334,19.914933333333327
20.22,20.54533333333334,19.923799999999993
20.22,20.527666666666672,19.929133333333322
21.01,20.554000000000006,19.94153333333333
21.81,20.607000000000003,19.955733333333328
21.01,20.633333333333333,19.96813333333333
20.75,20.633333333333333,19.98053333333333
20.22,20.633333333333336,19.985866666666663
20.75,20.633333333333333,19.996533333333332
20.75,20.633333333333333,20.0072
20.75,20.660000000000007,20.016066666666667
21.01,20.67766666666667,20.024933333333337
20.22,20.677666666666667,20.03026666666667
20.75,20.677666666666667,20.03913333333334
21.28,20.695333333333334,20.046200000000006
20.75,20.704333333333334,20.05686666666667
21.01,20.721999999999998,20.063933333333342
21.01,20.739666666666665,20.07633333333334
21.01,20.730666666666664,20.08340000000001
20.75,20.74833333333333,20.094066666666677
21.01,20.766,20.10646666666668
20.48,20.73933333333333,20.111800000000017
21.28,20.766,20.12420000000002
20.75,20.783666666666665,20.134866666666685
20.75,20.78366666666666,20.140200000000018
20.48,20.792333333333332,20.147266666666685
21.01,20.792333333333332,20.15786666666669
21.28,20.81,20.173800000000018
21.01,20.818666666666665,20.184400000000025
21.01,20.827333333333332,20.19146666666669
21.01,20.844999999999995,20.20033333333336
21.01,20.87133333333333,20.20740000000003
20.75,20.889,20.21273333333336
20.75,20.880333333333333,20.219866666666693
21.81,20.88033333333333,20.230466666666693
21.55,20.898333333333326,20.242933333333358
21.55,20.924999999999994,20.25893333333336
21.55,20.969333333333324,20.27493333333336
21.28,20.986999999999988,20.28560000000003
21.28,21.004666666666655,20.296266666666693
21.55,21.031333333333325,20.3104666666667
21.55,21.049333333333323,20.322933333333363
21.28,21.08466666666666,20.331800000000033
21.81,21.119999999999994,20.349533333333365
21.55,21.128999999999994,20.367266666666698
21.28,21.146666666666658,20.3796666666667
21.28,21.15566666666666,20.388533333333367
21.01,21.15566666666666,20.397400000000037
21.55,21.17366666666666,20.41160000000004
21.81,21.208999999999996,20.427533333333372
21.55,21.226999999999993,20.443533333333374
21.55,21.262666666666657,20.456000000000042
21.55,21.271666666666658,20.472000000000044
21.55,21.298333333333325,20.48266666666671
21.81,21.33366666666666,20.49686666666671
21.81,21.37799999999999,20.50926666666671
22.34,21.422333333333324,20.527000000000044
22.34,21.457666666666665,20.54473333333338
21.81,21.48433333333333,20.55533333333338
21.28,21.493333333333332,20.566000000000045
21.28,21.502333333333333,20.573066666666715
21.01,21.502333333333336,20.578333333333383
21.81,21.537666666666667,20.588933333333383
22.08,21.581999999999997,20.599600000000045
22.08,21.591,20.60846666666671
22.34,21.617333333333338,20.622600000000045
22.08,21.635,20.635000000000044
21.01,21.617000000000004,20.64386666666671
22.34,21.652333333333335,20.659800000000043
22.08,21.679000000000006,20.677533333333376
21.55,21.679000000000006,20.68640000000004
21.28,21.669999999999998,20.698800000000045
22.08,21.696666666666665,20.716533333333377
22.61,21.723333333333333,20.737800000000043
21.81,21.731999999999992,20.75200000000004
21.28,21.731999999999992,20.762666666666707
22.88,21.785333333333327,20.782200000000042
22.08,21.820999999999994,20.79820000000004
21.81,21.82966666666666,20.808800000000037
22.08,21.838666666666658,20.821200000000037
22.08,21.856333333333332,20.838933333333365
22.34,21.88266666666667,20.847800000000035
23.41,21.944666666666663,20.869066666666697
22.61,21.98,20.890333333333366
22.61,22.006666666666668,20.911600000000032
22.61,22.033333333333335,20.927533333333365
22.34,22.033333333333335,20.945266666666697
22.08,22.024666666666672,20.959466666666696
23.14,22.069000000000003,20.978933333333362
23.14,22.131000000000004,21.000200000000024
22.61,22.175333333333338,21.01973333333336
21.81,22.202,21.033933333333355
22.61,22.228666666666665,21.049866666666688
21.81,22.219666666666665,21.06406666666669
22.34,22.22833333333333,21.083533333333357
23.14,22.255,21.10480000000002
22.88,22.28166666666666,21.12253333333335
23.94,22.379333333333328,21.14913333333335
23.14,22.406,21.173933333333345
22.61,22.423666666666666,21.19166666666668
22.61,22.459,21.209400000000013
22.08,22.485666666666667,21.221800000000016
22.34,22.494333333333337,21.235933333333346
22.61,22.494333333333337,21.25366666666668
23.94,22.56533333333334,21.276733333333347
23.41,22.636333333333337,21.296266666666675
22.08,22.609666666666673,21.310466666666677
22.88,22.636333333333337,21.33180000000001
22.88,22.672000000000004,21.34953333333334
23.41,22.716333333333335,21.37080000000001
23.41,22.760666666666665,21.39206666666667
23.94,22.814,21.41866666666667
23.14,22.805,21.439933333333332
22.34,22.796000000000003,21.457666666666668
23.14,22.81366666666667,21.486
22.88,22.82266666666667,21.500200000000003
23.67,22.867,21.51966666666667
23.94,22.929000000000006,21.54446666666667
22.61,22.911333333333335,21.558666666666667
23.41,22.920333333333335,21.585266666666666
23.41,22.947,21.602999999999994
22.61,22.973666666666666,21.61893333333333
23.41,23.000333333333334,21.63666666666666
23.14,23.044666666666664,21.656133333333326
23.41,23.08033333333333,21.67739999999999
23.94,23.106999999999996,21.70219999999999
23.94,23.142333333333333,21.723466666666656
23.67,23.133333333333333,21.74646666666666
24.47,23.177666666666667,21.771266666666655
23.67,23.213,21.790733333333318
23.14,23.230666666666668,21.81199999999999
23.67,23.283666666666665,21.833266666666656
23.41,23.319333333333336,21.854533333333322
24.21,23.372666666666667,21.877599999999987
23.94,23.372666666666667,21.898866666666652
22.08,23.328333333333337,21.90953333333332
24.21,23.399333333333338,21.934399999999986
23.94,23.434666666666672,21.95746666666665
24.21,23.47900000000001,21.976999999999983
24.21,23.50566666666668,22.003599999999985
23.67,23.514333333333344,22.02486666666665
24.74,23.54100000000001,22.047933333333315
24.21,23.576666666666675,22.072799999999983
23.94,23.63000000000001,22.097599999999986
23.41,23.639000000000006,22.115333333333318
24.21,23.683333333333337,22.141933333333316
24.74,23.719,22.166799999999977
25.27,23.763333333333332,22.196933333333313
24.74,23.834333333333333,22.22353333333331
25.0,23.887333333333334,22.251866666666643
24.47,23.922666666666668,22.27846666666664
24.47,23.984666666666666,22.306799999999974
23.94,24.002333333333336,22.331599999999973
23.67,24.02,22.34933333333331
24.21,24.046666666666667,22.36533333333331
23.67,24.037666666666667,22.383066666666643
23.94,24.03766666666667,22.40433333333331
24.47,24.064333333333334,22.43266666666664
25.0,24.082000000000004,22.460999999999974
24.47,24.10866666666667,22.48579999999997
24.21,24.14433333333334,22.508866666666638
25.0,24.188666666666673,22.53546666666664
24.47,24.224000000000007,22.563799999999972
25.27,24.25933333333334,22.593933333333307
23.67,24.250333333333337,22.60986666666664
25.27,24.35666666666667,22.639999999999976
25.0,24.383,22.666599999999978
25.27,24.427333333333333,22.69499999999998
24.47,24.436,22.718066666666644
25.0,24.462333333333333,22.746399999999984
24.74,24.497999999999998,22.771266666666644
24.74,24.497999999999998,22.799666666666646
24.47,24.506666666666664,22.82093333333331
25.8,24.568666666666665,22.85459999999998
25.0,24.621666666666666,22.882933333333312
25.0,24.648000000000003,22.913066666666648
25.8,24.683333333333334,22.944999999999983
25.27,24.68333333333333,22.971599999999988
25.0,24.691999999999997,22.998199999999986
25.54,24.709999999999994,23.028399999999987
25.27,24.73666666666666,23.05679999999999
25.27,24.763333333333325,23.08519999999999
25.8,24.825333333333326,23.11886666666666
25.27,24.878666666666664,23.14899999999999
25.27,24.913999999999994,23.17206666666666
26.07,24.993999999999996,23.202199999999994
25.8,25.055999999999997,23.23053333333333
25.8,25.100333333333328,23.258866666666663
26.07,25.136,23.2908
26.07,25.189333333333334,23.322733333333336
25.54,25.233666666666668,23.349333333333337
25.27,25.242666666666665,23.374133333333337
25.8,25.286999999999995,23.404266666666672
25.54,25.296,23.429133333333336
26.6,25.39366666666666,23.462800000000005
25.0,25.38466666666666,23.4876
25.27,25.393666666666665,23.514200000000002
26.07,25.420333333333335,23.54793333333334
26.33,25.48233333333333,23.579800000000006
25.8,25.508999999999997,23.606400000000004
25.27,25.526666666666664,23.631200000000003
26.6,25.588666666666665,23.664866666666672
26.33,25.65066666666667,23.696733333333338
26.07,25.659666666666674,23.726866666666673
25.27,25.668666666666674,23.749933333333345
26.33,25.713000000000008,23.780066666666677
26.33,25.73066666666667,23.80666666666668
25.54,25.739666666666672,23.828000000000014
26.07,25.77533333333334,23.85640000000001
26.07,25.793000000000006,23.88833333333335
26.33,25.828333333333344,23.922000000000015
26.07,25.85500000000001,23.95573333333335
26.87,25.890666666666675,23.989466666666683
26.07,25.917333333333342,24.016066666666685
26.33,25.952666666666676,24.044400000000014
26.33,25.961333333333343,24.071000000000016
25.8,25.96133333333334,24.095800000000015
25.8,25.96133333333334,24.12773333333335
26.6,25.979000000000006,24.15613333333335
26.33,25.987666666666673,24.184466666666687
26.33,26.014000000000006,24.21633333333335
26.87,26.067333333333337,24.253600000000016
25.54,26.058666666666667,24.27666666666668
27.13,26.111666666666668,24.306800000000017
26.87,26.12066666666667,24.34053333333335
26.07,26.156333333333336,24.372466666666686
26.33,26.191666666666666,24.39546666666668
25.8,26.182666666666666,24.420266666666688
26.6,26.19166666666667,24.45220000000002
26.07,26.20066666666667,24.47880000000002
26.33,26.236000000000004,24.50713333333335
26.6,26.236,24.535533333333348
25.8,26.218333333333337,24.551466666666688
26.33,26.227000000000007,24.576266666666687
26.33,26.262333333333338,24.601066666666686
26.6,26.27133333333334,24.627666666666684
26.33,26.27133333333334,24.654266666666683
26.33,26.297666666666675,24.682600000000015
26.33,26.306333333333342,24.70386666666668
26.87,26.333000000000013,24.728733333333345
26.33,26.33300000000001,24.753533333333348
26.07,26.33300000000001,24.78193333333335
26.6,26.324000000000012,24.808533333333347
25.54,26.306333333333342,24.833400000000015
26.33,26.306333333333342,24.860000000000014
25.8,26.288666666666675,24.877733333333346
26.6,26.315333333333342,24.902533333333345
26.33,26.33300000000001,24.918466666666678
25.54,26.297666666666668,24.934466666666676
26.07,26.289,24.957533333333345
27.13,26.315666666666672,24.98766666666668
26.33,26.297666666666668,25.01600000000001
26.6,26.333000000000002,25.044400000000007
27.13,26.333000000000006,25.074533333333342
26.33,26.315000000000005,25.09046666666667
26.87,26.341666666666672,25.113533333333336
25.8,26.324000000000005,25.138333333333335
26.33,26.341666666666672,25.161333333333335
26.33,26.33266666666667,25.18433333333334
26.6,26.350333333333342,25.2056
27.4,26.386000000000006,25.232200000000002
26.33,26.377000000000006,25.24813333333333
27.13,26.421333333333337,25.274733333333334
25.8,26.40366666666667,25.2978
25.54,26.377333333333333,25.313799999999997
26.6,26.377333333333333,25.338599999999996
27.13,26.404,25.361666666666665
26.07,26.395333333333337,25.375866666666663
26.33,26.395333333333337,25.400666666666663
26.6,26.386333333333333,25.42193333333333
26.6,26.395333333333337,25.443199999999994
26.07,26.395333333333337,25.466266666666662
26.6,26.395333333333337,25.487533333333328
26.6,26.430666666666674,25.510599999999993
26.6,26.439666666666675,25.53186666666666
26.6,26.466333333333342,25.54959999999999
26.33,26.457333333333345,25.565533333333324
26.87,26.475333333333346,25.58686666666665
26.6,26.510666666666676,25.601066666666654
26.33,26.519333333333343,25.618799999999986
26.87,26.510666666666676,25.643666666666654
26.6,26.519666666666676,25.663199999999982
26.6,26.519666666666676,25.684466666666648
26.33,26.49300000000001,25.69859999999998
26.07,26.484333333333346,25.712799999999984
26.87,26.484333333333343,25.74473333333331
26.33,26.502000000000013,25.758866666666645
26.6,26.511000000000013,25.776599999999977
26.6,26.520000000000014,25.79253333333331
26.87,26.52900000000001,25.810266666666642
27.13,26.520000000000007,25.83333333333331
26.33,26.520000000000007,25.84393333333331
26.33,26.493333333333343,25.85806666666664
26.6,26.520000000000014,25.875799999999973
26.87,26.564333333333344,25.89886666666664
26.6,26.56433333333334,25.914799999999975
26.6,26.546666666666674,25.92719999999997
26.6,26.56433333333334,25.936066666666637
26.87,26.58233333333334,25.950266666666636
27.13,26.60000000000001,25.964466666666638
26.07,26.582333333333345,25.975133333333304
27.13,26.617666666666675,25.992866666666636
26.6,26.617666666666672,26.01059999999997
27.13,26.635333333333335,26.033666666666637
25.8,26.60866666666667,26.044266666666637
27.13,26.626333333333335,26.06733333333331
27.4,26.662,26.090399999999974
27.13,26.670666666666666,26.10813333333331
27.4,26.697333333333333,26.12413333333331
26.87,26.715333333333334,26.140133333333313
27.4,26.733,26.16139999999998
27.66,26.76833333333333,26.179133333333308
27.13,26.785999999999998,26.196866666666644
27.13,26.812666666666665,26.209266666666647
26.87,26.839333333333332,26.230599999999978
26.87,26.839333333333332,26.241266666666643
28.2,26.901666666666667,26.262599999999978
28.99,26.981333333333332,26.287399999999977
27.93,27.025666666666663,26.310466666666642
27.4,27.04333333333333,26.32646666666664
27.66,27.060999999999996,26.34593333333331
27.93,27.114333333333327,26.367199999999972
27.13,27.141,26.384933333333308
28.2,27.19433333333333,26.40093333333331
27.4,27.211999999999993,26.416933333333308
27.66,27.247333333333327,26.434666666666644
27.93,27.29166666666666,26.448866666666643
27.93,27.33599999999999,26.466599999999975
27.66,27.36233333333332,26.484333333333307
28.99,27.424333333333326,26.507333333333307
27.66,27.477333333333327,26.52326666666664
27.66,27.494999999999994,26.53919999999997
27.13,27.512666666666657,26.54806666666664
27.93,27.539333333333328,26.565799999999967
27.66,27.601333333333326,26.5817333333333
28.46,27.64566666666666,26.597666666666633
27.93,27.663333333333323,26.611866666666636
27.13,27.663333333333323,26.620733333333302
27.13,27.654333333333327,26.62779999999997
26.87,27.65433333333333,26.6331333333333
29.26,27.71633333333333,26.657933333333304
28.99,27.760666666666665,26.682733333333303
29.53,27.840666666666664,26.707599999999967
28.73,27.894000000000002,26.728866666666637
26.33,27.876,26.727066666666637
28.46,27.929000000000006,26.750133333333302
28.73,27.94666666666667,26.77319999999997
27.66,27.902333333333335,26.78379999999997
28.99,27.937666666666676,26.801533333333303
26.33,27.902000000000005,26.805066666666637
27.93,27.911,26.82279999999997
28.2,27.920000000000005,26.833466666666634
30.06,28.01766666666667,26.858333333333302
28.99,28.044,26.87779999999997
29.26,28.106,26.904399999999967
28.99,28.150333333333336,26.922133333333303
28.73,28.177,26.9381333333333
23.14,28.017333333333333,26.922133333333303
29.53,28.079666666666665,26.945199999999968
26.6,28.0,26.9487333333333
29.26,28.053333333333335,26.968266666666636
29.53,28.115666666666662,26.991333333333305
29.53,28.195666666666664,27.009066666666637
28.73,28.22233333333333,27.026799999999973
30.06,28.302333333333326,27.05166666666664
28.46,28.30233333333333,27.06586666666664
28.73,28.328999999999997,27.085399999999975
29.79,28.417666666666662,27.111999999999973
21.81,28.24033333333333,27.080066666666642
28.99,28.310999999999996,27.097799999999975
